offset,file,text_en,byte_budget
scena/mp2071_02.dat:0x32b52,scena/mp2071_02.dat,@&B ,5
scena/mp2071_02.dat:0x3c56f,scena/mp2071_02.dat,Thank you...for helping with the students.,43
scena/mp2071_02.dat:0x3c5a9,scena/mp2071_02.dat,Don't do anything crazy.,25
scena/mp2071_02.dat:0x3c5d1,scena/mp2071_02.dat,Thank you...for helping with the students.,43
scena/mp2071_02.dat:0x3c60b,scena/mp2071_02.dat,It's still dangerous out there...,34
scena/mp2071_02.dat:0x3c63c,scena/mp2071_02.dat,Thanks for looking after the students.,39
scena/mp2071_02.dat:0x3c663,scena/mp2071_02.dat,We'll be waiting here.,23
scena/mp2071_02.dat:0x3c689,scena/mp2071_02.dat,Thanks for looking after the students.,39
scena/mp2071_02.dat:0x3c6b0,scena/mp2071_02.dat,We'll be waiting here.,23
scena/mp2071_02.dat:0x3c6d6,scena/mp2071_02.dat,Thank you for looking after the students.,42
scena/mp2071_02.dat:0x3c70f,scena/mp2071_02.dat,"If you need anything, please let me know.",42
scena/mp2071_02.dat:0x3c748,scena/mp2071_02.dat,We'll do our best to help in any way we can.,45
scena/mp2071_02.dat:0x3c784,scena/mp2071_02.dat,Thank you for looking after the students.,42
scena/mp2071_02.dat:0x3c7bd,scena/mp2071_02.dat,"I feel pathetic, knowing I can't do anything...",48
scena/mp2071_02.dat:0x3c7fc,scena/mp2071_02.dat,take care of the students!,27
scena/mp2071_02.dat:0x3c817,scena/mp2071_02.dat,I'm counting on you to,23
scena/mp2071_02.dat:0x3c83d,scena/mp2071_02.dat,"I feel pathetic, knowing I can't do anything...",48
scena/mp2071_02.dat:0x3c87c,scena/mp2071_02.dat,Club activities start up again today!,38
scena/mp2071_02.dat:0x3c8b1,scena/mp2071_02.dat,I can secure a good spot.,26
scena/mp2071_02.dat:0x3c8cb,scena/mp2071_02.dat,I need to get ready so,23
scena/mp2071_02.dat:0x3c8f1,scena/mp2071_02.dat,gotten rusty while studying for exams.,39
scena/mp2071_02.dat:0x3c918,scena/mp2071_02.dat,I'm worried my archery skills may have,39
scena/mp2071_02.dat:0x3c94e,scena/mp2071_02.dat,Club activities start up again today!,38
scena/mp2071_02.dat:0x3c983,scena/mp2071_02.dat,I can secure a good spot.,26
scena/mp2071_02.dat:0x3c99d,scena/mp2071_02.dat,I need to get ready so,23
scena/mp2071_02.dat:0x3c9c3,scena/mp2071_02.dat,You bracers really are amazing.,32
scena/mp2071_02.dat:0x3c9f2,scena/mp2071_02.dat,really drove that home.,24
scena/mp2071_02.dat:0x3ca0a,scena/mp2071_02.dat,Watching you guys in action,28
scena/mp2071_02.dat:0x3ca35,scena/mp2071_02.dat,"You should both be proud, Estelle and Joshua.",46
scena/mp2071_02.dat:0x3ca72,scena/mp2071_02.dat,I hope I can get a job to feel proud of someday.,49
scena/mp2071_02.dat:0x3cab2,scena/mp2071_02.dat,You bracers really are amazing.,32
scena/mp2071_02.dat:0x3cae1,scena/mp2071_02.dat,really drove that home.,24
scena/mp2071_02.dat:0x3caf9,scena/mp2071_02.dat,Watching you guys in action,28
scena/mp2071_02.dat:0x3cb24,scena/mp2071_02.dat,I overheard something earlier...,33
scena/mp2071_02.dat:0x3cb54,scena/mp2071_02.dat,lurking in the old schoolhouse.,32
scena/mp2071_02.dat:0x3cb74,scena/mp2071_02.dat,Some weirdo's been,19
scena/mp2071_02.dat:0x3cb96,scena/mp2071_02.dat,straight out of a horror novel.,32
scena/mp2071_02.dat:0x3cbb6,scena/mp2071_02.dat,I'm shocked. It's like something,33
scena/mp2071_02.dat:0x3cbe6,scena/mp2071_02.dat,but it unleashed my creativity.,32
scena/mp2071_02.dat:0x3cc06,scena/mp2071_02.dat,"This might be an odd reaction,",31
scena/mp2071_02.dat:0x3cc34,scena/mp2071_02.dat,lurking in the old schoolhouse.,32
scena/mp2071_02.dat:0x3cc54,scena/mp2071_02.dat,Some weirdo's been,19
scena/mp2071_02.dat:0x3cc76,scena/mp2071_02.dat,also unleashed my creativity.,30
scena/mp2071_02.dat:0x3cc94,scena/mp2071_02.dat,It's kinda creepy...but it,27
scena/mp2071_02.dat:0x3ccbe,scena/mp2071_02.dat,and things are already going wrong...,38
scena/mp2071_02.dat:0x3cce4,scena/mp2071_02.dat,"The new semester only just started,",36
scena/mp2071_02.dat:0x3cd17,scena/mp2071_02.dat,to having a normal school life?,32
scena/mp2071_02.dat:0x3cd37,scena/mp2071_02.dat,*Sigh* When will I be able to go back,38
scena/mp2071_02.dat:0x3cd6c,scena/mp2071_02.dat,I wish school band would start up again already.,49
scena/mp2071_02.dat:0x3cdac,scena/mp2071_02.dat,to having a normal school life?,32
scena/mp2071_02.dat:0x3cdcc,scena/mp2071_02.dat,When will I be able to go back,31
scena/mp2071_02.dat:0x3cdfa,scena/mp2071_02.dat,I wish school band would start up again already.,49
scena/mp2071_02.dat:0x3ce3a,scena/mp2071_02.dat,"Oh, Kloe.",10
scena/mp2071_02.dat:0x3ce53,scena/mp2071_02.dat,"Are you getting ready for club, too?",37
scena/mp2071_02.dat:0x3ce87,scena/mp2071_02.dat,"No, unfortunately, I still don't have time.",44
scena/mp2071_02.dat:0x3cec6,scena/mp2071_02.dat,which is why we're here.,25
scena/mp2071_02.dat:0x3cedf,scena/mp2071_02.dat,"There's something we have to do,",33
scena/mp2071_02.dat:0x3cf13,scena/mp2071_02.dat,Oh yeah? Is something wrong?,29
scena/mp2071_02.dat:0x3cf3f,scena/mp2071_02.dat,"Well, the thing is...",22
scena/mp2071_02.dat:0x3cf68,scena/mp2071_02.dat,event that occurred during the exam period.,44
scena/mp2071_02.dat:0x3cf94,scena/mp2071_02.dat,<C1>They explained how they're investigating a strange,55
scena/mp2071_02.dat:0x3cfcb,scena/mp2071_02.dat,Did I notice anything weird?,29
scena/mp2071_02.dat:0x3cff7,scena/mp2071_02.dat,"Not that I remember, unfortunately.",36
scena/mp2071_02.dat:0x3d02a,scena/mp2071_02.dat,"I haven't heard about anything, either...",42
scena/mp2071_02.dat:0x3d063,scena/mp2071_02.dat,"Hmm, okay.",11
scena/mp2071_02.dat:0x3d082,scena/mp2071_02.dat,"Well, no worries. I'll try asking someone else.",48
scena/mp2071_02.dat:0x3d0c5,scena/mp2071_02.dat,Sorry I couldn't help your investigation.,42
scena/mp2071_02.dat:0x3d0fe,scena/mp2071_02.dat,"Don't worry, it's really okay.",31
scena/mp2071_02.dat:0x3d130,scena/mp2071_02.dat,Thanks for your help.,22
scena/mp2071_02.dat:0x3d15a,scena/mp2071_02.dat,You're very welcome.,21
scena/mp2071_02.dat:0x3d17e,scena/mp2071_02.dat,Nothing weird happened during the exam period.,47
scena/mp2071_02.dat:0x3d1bc,scena/mp2071_02.dat,"I haven't heard about anything happening, either.",50
scena/mp2071_02.dat:0x3d1fd,scena/mp2071_02.dat,"blood, sweat, and tears to the fencing club.",45
scena/mp2071_02.dat:0x3d22a,scena/mp2071_02.dat,"Starting tomorrow, I'll go back to giving my",45
scena/mp2071_02.dat:0x3d266,scena/mp2071_02.dat,equipment is in good shape.,28
scena/mp2071_02.dat:0x3d282,scena/mp2071_02.dat,I need to make sure all my,27
scena/mp2071_02.dat:0x3d2ac,scena/mp2071_02.dat,"Go easy on me during club, Kloe.",33
scena/mp2071_02.dat:0x3d2dc,scena/mp2071_02.dat,"I heard you're about to go on break, Kloe.",43
scena/mp2071_02.dat:0x3d316,scena/mp2071_02.dat,so I'm kinda disappointed.,27
scena/mp2071_02.dat:0x3d331,scena/mp2071_02.dat,"I was looking forward to our match,",36
scena/mp2071_02.dat:0x3d364,scena/mp2071_02.dat,"I'm sorry, Royce.",18
scena/mp2071_02.dat:0x3d389,scena/mp2071_02.dat,I promise to make it up to you after the break.,48
scena/mp2071_02.dat:0x3d3cc,scena/mp2071_02.dat,"Haha, I'll hold you to that.",29
scena/mp2071_02.dat:0x3d3f8,scena/mp2071_02.dat,I wait for you to come back.,29
scena/mp2071_02.dat:0x3d415,scena/mp2071_02.dat,I'll be training hard while,28
scena/mp2071_02.dat:0x3d440,scena/mp2071_02.dat,postponed until after the break.,33
scena/mp2071_02.dat:0x3d461,scena/mp2071_02.dat,My match against Kloe was,26
scena/mp2071_02.dat:0x3d48a,scena/mp2071_02.dat,"Until then, I'll continue to put in the work.",46
scena/mp2071_02.dat:0x3d4c7,scena/mp2071_02.dat,"Hey, are you guys eating lunch, too?",37
scena/mp2071_02.dat:0x3d4fb,scena/mp2071_02.dat,I'm suddenly starving.,23
scena/mp2071_02.dat:0x3d512,scena/mp2071_02.dat,"Now that things have calmed down,",34
scena/mp2071_02.dat:0x3d543,scena/mp2071_02.dat,Haha! Fickle is the human heart. And stomach.,46
scena/mp2071_02.dat:0x3d580,scena/mp2071_02.dat,I'm suddenly starving...,25
scena/mp2071_02.dat:0x3d599,scena/mp2071_02.dat,"The moment things calm down,",29
scena/mp2071_02.dat:0x3d5c5,scena/mp2071_02.dat,Haha! Fickle is the human heart. And stomach.,46
scena/mp2071_02.dat:0x3d602,scena/mp2071_02.dat,"Um, do you have a sec?",23
scena/mp2071_02.dat:0x3d62c,scena/mp2071_02.dat,Hm? Need something?,20
scena/mp2071_02.dat:0x3d64f,scena/mp2071_02.dat,"Yeah, I got a question for you.",32
scena/mp2071_02.dat:0x3d682,scena/mp2071_02.dat,event that occurred during the exam period.,44
scena/mp2071_02.dat:0x3d6ae,scena/mp2071_02.dat,<C1>They explained how they're investigating a strange,55
scena/mp2071_02.dat:0x3d6e5,scena/mp2071_02.dat,Did I notice anything weird during the exam period?,52
scena/mp2071_02.dat:0x3d728,scena/mp2071_02.dat,"Uh, did something actually happen?",35
scena/mp2071_02.dat:0x3d74b,scena/mp2071_02.dat,Seriously? That's wild!,24
scena/mp2071_02.dat:0x3d772,scena/mp2071_02.dat,Um... Her reaction is kinda...,31
scena/mp2071_02.dat:0x3d7a4,scena/mp2071_02.dat,I-It doesn't seem like she knows anything...,45
scena/mp2071_02.dat:0x3d7e4,scena/mp2071_02.dat,Let's try asking someone else.,31
scena/mp2071_02.dat:0x3d816,scena/mp2071_02.dat,Spill already! What happened?,30
scena/mp2071_02.dat:0x3d843,scena/mp2071_02.dat,"C'mon, you can tell me. Pretty please?",39
scena/mp2071_02.dat:0x3d879,scena/mp2071_02.dat,"Aww, c'mon! Give me details!",29
scena/mp2071_02.dat:0x3d8a5,scena/mp2071_02.dat,"C'mon, you can tell me. Pretty please?",39
scena/mp2071_02.dat:0x3d8db,scena/mp2071_02.dat,happened and then leave it at that.,36
scena/mp2071_02.dat:0x3d8ff,scena/mp2071_02.dat,You can't say something weird,30
scena/mp2071_02.dat:0x3d92c,scena/mp2071_02.dat,"So, what the heck happened?",28
scena/mp2071_02.dat:0x3d957,scena/mp2071_02.dat,"Hehe, clubs are starting back up again tomorrow.",49
scena/mp2071_02.dat:0x3d997,scena/mp2071_02.dat,I'll draw my bow until my hands fall off~,42
scena/mp2071_02.dat:0x3d9d0,scena/mp2071_02.dat,Hm? What's wrong?,18
scena/mp2071_02.dat:0x3d9f1,scena/mp2071_02.dat,Jill and the others went out somewhere.,40
scena/mp2071_02.dat:0x3da28,scena/mp2071_02.dat,Something about student council business.,42
scena/mp2071_02.dat:0x3da61,scena/mp2071_02.dat,Jill and the others went out somewhere.,40
scena/mp2071_02.dat:0x3da98,scena/mp2071_02.dat,Something about student council business.,42
scena/mp2071_02.dat:0x3dad1,scena/mp2071_02.dat,Oh! Kloe!,10
scena/mp2071_02.dat:0x3daea,scena/mp2071_02.dat,to practicing hard in club together~,37
scena/mp2071_02.dat:0x3db0f,scena/mp2071_02.dat,"Ugh~ It's too bad, I was looking forward",41
scena/mp2071_02.dat:0x3db47,scena/mp2071_02.dat,"I'm really sorry, Richelle.",28
scena/mp2071_02.dat:0x3db76,scena/mp2071_02.dat,together again once break's over.,34
scena/mp2071_02.dat:0x3db98,scena/mp2071_02.dat,We'll be able to crush it,26
scena/mp2071_02.dat:0x3dbc5,scena/mp2071_02.dat,"Okay, it's a deal.",19
scena/mp2071_02.dat:0x3dbe7,scena/mp2071_02.dat,I'll practice really hard and get even stronger.,49
scena/mp2071_02.dat:0x3dc27,scena/mp2071_02.dat,"Hehe, I can't wait to see.",27
scena/mp2071_02.dat:0x3dc55,scena/mp2071_02.dat,"Aww, I'm sad to see you go, Kloe~",34
scena/mp2071_02.dat:0x3dc86,scena/mp2071_02.dat,"Now then, what'll I eat today?",31
scena/mp2071_02.dat:0x3dcb4,scena/mp2071_02.dat,I guess I'll stick with the usual lunch fare...,48
scena/mp2071_02.dat:0x3dcf3,scena/mp2071_02.dat,"Hey, figure anything out?",26
scena/mp2071_02.dat:0x3dd1c,scena/mp2071_02.dat,you're still busting your butts.,33
scena/mp2071_02.dat:0x3dd3d,scena/mp2071_02.dat,It's already mealtime and,26
scena/mp2071_02.dat:0x3dd66,scena/mp2071_02.dat,*Sigh* Another crappy day.,27
scena/mp2071_02.dat:0x3dd90,scena/mp2071_02.dat,Thanks for your hard work with the tests.,42
scena/mp2071_02.dat:0x3ddc9,scena/mp2071_02.dat,and order whatever you want.,29
scena/mp2071_02.dat:0x3dde6,scena/mp2071_02.dat,You must be hungry. Go ahead,29
scena/mp2071_02.dat:0x3de12,scena/mp2071_02.dat,Final exams are finally over.,30
scena/mp2071_02.dat:0x3de3f,scena/mp2071_02.dat,"of year, so I'm worried about their health.",44
scena/mp2071_02.dat:0x3de6b,scena/mp2071_02.dat,Everyone stays up late this time,33
scena/mp2071_02.dat:0x3de9b,scena/mp2071_02.dat,for club season to start.,26
scena/mp2071_02.dat:0x3deb5,scena/mp2071_02.dat,"Once exams are over, it's time",31
scena/mp2071_02.dat:0x3dee3,scena/mp2071_02.dat,Make sure to get some exercise and eat properly.,49
scena/mp2071_02.dat:0x3df23,scena/mp2071_02.dat,Where are you off to now?,26
scena/mp2071_02.dat:0x3df4c,scena/mp2071_02.dat,"It's dark out, so be careful.",30
scena/mp2071_02.dat:0x3df79,scena/mp2071_02.dat,Whew! The academy's break starts soon.,39
scena/mp2071_02.dat:0x3dfaf,scena/mp2071_02.dat,more lively this time of year.,31
scena/mp2071_02.dat:0x3dfce,scena/mp2071_02.dat,The students always seem,25
scena/mp2071_02.dat:0x3dff6,scena/mp2071_02.dat,forget to take care of yourselves.,35
scena/mp2071_02.dat:0x3e019,scena/mp2071_02.dat,"Helping others is fine, but don't",34
scena/mp2071_02.dat:0x3e04a,scena/mp2071_02.dat,the hunter becomes the hunted.,31
scena/mp2071_02.dat:0x3e069,scena/mp2071_02.dat,The gesture is meaningless if,30
scena/mp2071_02.dat:0x3e096,scena/mp2071_02.dat,forget to take care of yourselves.,35
scena/mp2071_02.dat:0x3e0b9,scena/mp2071_02.dat,"Helping others is fine, but don't",34
scena/mp2071_02.dat:0x3e0ea,scena/mp2071_02.dat,"Hey, you guys.",15
scena/mp2071_02.dat:0x3e108,scena/mp2071_02.dat,Hungry? Go ahead and stuff yourselves silly!,45
scena/mp2071_02.dat:0x3e144,scena/mp2071_02.dat,"I can still cook, even without any orbments.",45
scena/mp2071_02.dat:0x3e180,scena/mp2071_02.dat,domestic wisdom for you.,25
scena/mp2071_02.dat:0x3e199,scena/mp2071_02.dat,That's some homebrewed,23
scena/mp2071_02.dat:0x3e1bf,scena/mp2071_02.dat,want to do is hold you back.,29
scena/mp2071_02.dat:0x3e1dc,scena/mp2071_02.dat,We'll wait here. The last thing we,35
scena/mp2071_02.dat:0x3e20e,scena/mp2071_02.dat,to hearing about how it went.,30
scena/mp2071_02.dat:0x3e22c,scena/mp2071_02.dat,You take care now. I look forward,34
scena/mp2071_02.dat:0x3e25d,scena/mp2071_02.dat,"Hmm, a secret basement, huh?",29
scena/mp2071_02.dat:0x3e28a,scena/mp2071_02.dat,I certainly didn't see that one coming.,40
scena/mp2071_02.dat:0x3e2c1,scena/mp2071_02.dat,"Hmm, a secret basement, huh?",29
scena/mp2071_02.dat:0x3e2ee,scena/mp2071_02.dat,"The card puzzles are pretty fun, huh?",38
scena/mp2071_02.dat:0x3e323,scena/mp2071_02.dat,"School life is tough, but I'll try my best.",44
scena/mp2071_02.dat:0x3e35e,scena/mp2071_02.dat,"Hehehe, a costume party... I can't wait.",41
scena/mp2071_02.dat:0x3e3aa,scena/mp2071_02.dat,(Is she.........,17
scena/mp2071_02.dat:0x3e3cf,scena/mp2071_02.dat,"School life is tough, but I'll try my best.",44
scena/mp2071_02.dat:0x3e40a,scena/mp2071_02.dat,I can't wait for the costume party.,36
scena/mp2071_02.dat:0x3e43e,scena/mp2071_02.dat,Sorry for taking up your time.,31
scena/mp2071_02.dat:0x3e46c,scena/mp2071_02.dat,You two carry on with the investigation.,41
scena/mp2071_02.dat:0x3e4a4,scena/mp2071_02.dat,How's the investigation going?,31
scena/mp2071_02.dat:0x3e4d2,scena/mp2071_02.dat,so I should be done soon.,26
scena/mp2071_02.dat:0x3e4ec,scena/mp2071_02.dat,"There aren't many books to go through,",39
scena/mp2071_02.dat:0x3e513,scena/mp2071_02.dat,Things are going smoothly on my end.,37
scena/mp2071_02.dat:0x3e547,scena/mp2071_02.dat,something happens.,19
scena/mp2071_02.dat:0x3e55a,scena/mp2071_02.dat,I'll be here on standby in case,32
scena/mp2071_02.dat:0x3e589,scena/mp2071_02.dat,Take care of yourselves.,25
scena/mp2071_02.dat:0x3e5b1,scena/mp2071_02.dat,A hidden staircase...?,23
scena/mp2071_02.dat:0x3e5d8,scena/mp2071_02.dat,None of the books mentioned anything like that.,48
scena/mp2071_02.dat:0x3e617,scena/mp2071_02.dat,renovated from an old fortress.,32
scena/mp2071_02.dat:0x3e637,scena/mp2071_02.dat,Just that the old schoolhouse was,34
scena/mp2071_02.dat:0x3e668,scena/mp2071_02.dat,if there was a secret basement.,32
scena/mp2071_02.dat:0x3e688,scena/mp2071_02.dat,So it honestly wouldn't surprise me,36
scena/mp2071_02.dat:0x3e6bb,scena/mp2071_02.dat,renovated from an old fortress.,32
scena/mp2071_02.dat:0x3e6db,scena/mp2071_02.dat,The old schoolhouse was apparently,35
scena/mp2071_02.dat:0x3e70e,scena/mp2071_02.dat,if there was a secret basement.,32
scena/mp2071_02.dat:0x3e72e,scena/mp2071_02.dat,So it honestly wouldn't surprise me,36
scena/mp2071_02.dat:0x3e761,scena/mp2071_02.dat,let's pig out in the cafeteria.,32
scena/mp2071_02.dat:0x3e781,scena/mp2071_02.dat,"Once everything's wrapped up,",30
scena/mp2071_02.dat:0x3e7ae,scena/mp2071_02.dat,"Okay then, keep your guard up, you two.",40
scena/mp2071_02.dat:0x3e7ee,scena/mp2071_02.dat,Huh? Dorothy?,14
scena/mp2071_02.dat:0x3e810,scena/mp2071_02.dat,What are you doing here?,25
scena/mp2071_02.dat:0x3e872,scena/mp2071_02.dat,"Hehe, pretty good, right?",26
scena/mp2071_02.dat:0x3e88c,scena/mp2071_02.dat,I got some really cute shots~,30
scena/mp2071_02.dat:0x3e8ba,scena/mp2071_02.dat,if it hit her in the face...),30
scena/mp2071_02.dat:0x3e8d8,scena/mp2071_02.dat,(Th-This girl wouldn't know urgency,36
scena/mp2071_02.dat:0x3e918,scena/mp2071_02.dat,I'll take a photo of the food next!,36
scena/mp2071_02.dat:0x3e9a9,scena/mp2071_02.dat,Right then... Now to decide who's doing what.,46
scena/mp2071_02.dat:0x3ea00,scena/mp2071_02.dat,to speak with the teachers.,28
scena/mp2071_02.dat:0x3ea1c,scena/mp2071_02.dat,"First, Agate and I will go to the staff room",45
scena/mp2071_02.dat:0x3ea58,scena/mp2071_02.dat,with other members of staff.,29
scena/mp2071_02.dat:0x3ea75,scena/mp2071_02.dat,Then we'll conduct interviews,30
scena/mp2071_02.dat:0x3eaa2,scena/mp2071_02.dat,"Yeah, sounds good.",19
scena/mp2071_02.dat:0x3ead5,scena/mp2071_02.dat,to speak with the teachers.,28
scena/mp2071_02.dat:0x3eaf1,scena/mp2071_02.dat,"First, Scherazard and I will go to the staff room",50
scena/mp2071_02.dat:0x3eb32,scena/mp2071_02.dat,with other members of staff.,29
scena/mp2071_02.dat:0x3eb4f,scena/mp2071_02.dat,Then we'll conduct interviews,30
scena/mp2071_02.dat:0x3eb7c,scena/mp2071_02.dat,Okay. Sounds like a plan.,26
scena/mp2071_02.dat:0x3eba5,scena/mp2071_02.dat,of any similar incidents in the past.,38
scena/mp2071_02.dat:0x3ebcb,scena/mp2071_02.dat,"Hans, you check the archives for records",41
scena/mp2071_02.dat:0x3ec03,scena/mp2071_02.dat,Got it.,8
scena/mp2071_02.dat:0x3ec22,scena/mp2071_02.dat,the student interviews.,24
scena/mp2071_02.dat:0x3ec3a,scena/mp2071_02.dat,"Estelle and Kloe, you handle",29
scena/mp2071_02.dat:0x3ec85,scena/mp2071_02.dat,Of course.,11
scena/mp2071_02.dat:0x3ecb9,scena/mp2071_02.dat,around the academy and follow your noses.,42
scena/mp2071_02.dat:0x3ece3,scena/mp2071_02.dat,Dorothy and Olivier... You can just wander,43
scena/mp2071_02.dat:0x3ed2e,scena/mp2071_02.dat,right? Let's see what you find.,32
scena/mp2071_02.dat:0x3ed4e,scena/mp2071_02.dat,"Artists are supposed to have good intuition,",45
scena/mp2071_02.dat:0x3edaa,scena/mp2071_02.dat,Your wish is my command.,25
scena/mp2071_02.dat:0x3ee11,scena/mp2071_02.dat,and return here by evening.,28
scena/mp2071_02.dat:0x3ee2d,scena/mp2071_02.dat,We must all conclude our tasks,31
scena/mp2071_02.dat:0x3eeb9,scena/mp2071_02.dat,That's it. Dismissed!,22
scena/mp2071_02.dat:0x3ef2f,scena/mp2071_02.dat,Just like at the festival.,27
scena/mp2071_02.dat:0x3ef4a,scena/mp2071_02.dat,"Wow... She sure knows how to take charge, huh?",47
scena/mp2071_02.dat:0x3ef9e,scena/mp2071_02.dat,see why she's head of the student council.,43
scena/mp2071_02.dat:0x3efc9,scena/mp2071_02.dat,"She's usually such a jokester, but you can",43
scena/mp2071_02.dat:0x3f004,scena/mp2071_02.dat,a politician like Mayor Maybelle some day.,43
scena/mp2071_02.dat:0x3f02f,scena/mp2071_02.dat,Yes. Apparently she wants to become,36
scena/mp2071_02.dat:0x3f06c,scena/mp2071_02.dat,ten years earlier because she wanted to run in the,51
scena/mp2071_02.dat:0x3f09f,scena/mp2071_02.dat,She was genuinely sad that she hadn't been born,48
scena/mp2071_02.dat:0x3f0e3,scena/mp2071_02.dat,W-Wow! That's some real passion.,33
scena/mp2071_02.dat:0x3f11b,scena/mp2071_02.dat,"and Hans know about you, Kloe?",31
scena/mp2071_02.dat:0x3f13a,scena/mp2071_02.dat,While we're alone... How much do Jill,38
scena/mp2071_02.dat:0x3f174,scena/mp2071_02.dat,Hehe... Basically everything.,30
scena/mp2071_02.dat:0x3f1a1,scena/mp2071_02.dat,to see right through me.,25
scena/mp2071_02.dat:0x3f1ba,scena/mp2071_02.dat,It took them about six months,30
scena/mp2071_02.dat:0x3f1e7,scena/mp2071_02.dat,knows I'm a royal.,19
scena/mp2071_02.dat:0x3f1fa,scena/mp2071_02.dat,"But other than them, only the headmaster",41
scena/mp2071_02.dat:0x3f232,scena/mp2071_02.dat,Good to know.,14
scena/mp2071_02.dat:0x3f24f,scena/mp2071_02.dat,"They treat you just like anyone else, huh?",43
scena/mp2071_02.dat:0x3f27a,scena/mp2071_02.dat,"Both of them are so relaxed around you, though.",48
scena/mp2071_02.dat:0x3f2c0,scena/mp2071_02.dat," just like you do, too!",24
scena/mp2071_02.dat:0x3f2f4,scena/mp2071_02.dat,I'm fortunate to have friends like you.,40
scena/mp2071_02.dat:0x3f342,scena/mp2071_02.dat,you say it directly like that.,31
scena/mp2071_02.dat:0x3f361,scena/mp2071_02.dat,Ahaha... It's kind of embarrassing when,40
scena/mp2071_02.dat:0x3f399,scena/mp2071_02.dat,and find some students to talk to.,35
scena/mp2071_02.dat:0x3f3bc,scena/mp2071_02.dat,"Anyway, let's look around campus",33
scena/mp2071_02.dat:0x3f3fd,scena/mp2071_02.dat,the exam period?',18
scena/mp2071_02.dat:0x3f40f,scena/mp2071_02.dat,"'Hey, did you notice anything strange during",45
scena/mp2071_02.dat:0x3f43c,scena/mp2071_02.dat,Do we go with something along the lines of,43
scena/mp2071_02.dat:0x3f476,scena/mp2071_02.dat,"Yes, I think that's a good way to phrase it.",45
scena/mp2071_02.dat:0x3f4ba,scena/mp2071_02.dat,"to the students there, too.",28
scena/mp2071_02.dat:0x3f4d6,scena/mp2071_02.dat,We should visit the dorm to talk,33
scena/mp2071_02.dat:0x3f506,scena/mp2071_02.dat,"Yeah, sure.",12
scena/mp2071_02.dat:0x3f530,scena/mp2071_02.dat,"Okay, let's get started!",25
scena/mp2071_02.dat:0x3f593,scena/mp2071_02.dat,Hey. How's it going on your end?,33
scena/mp2071_02.dat:0x3f5c3,scena/mp2071_02.dat,"We've only just started, so nothing yet.",41
scena/mp2071_02.dat:0x3f5ff,scena/mp2071_02.dat,How about you? Have you found anything?,40
scena/mp2071_02.dat:0x3f63a,scena/mp2071_02.dat,check them all.,16
scena/mp2071_02.dat:0x3f64a,scena/mp2071_02.dat,to go through. It won't take me long to,40
scena/mp2071_02.dat:0x3f672,scena/mp2071_02.dat,"Not yet, but there aren't many records",39
scena/mp2071_02.dat:0x3f6ad,scena/mp2071_02.dat,but do you have a minute?,26
scena/mp2071_02.dat:0x3f6c7,scena/mp2071_02.dat,"By the way... I know you're busy,",34
scena/mp2071_02.dat:0x3f708,scena/mp2071_02.dat,"Um, yeah...",12
scena/mp2071_02.dat:0x3f723,scena/mp2071_02.dat,It's about Joshua...right?,27
scena/mp2071_02.dat:0x3f74d,scena/mp2071_02.dat,You got me.,12
scena/mp2071_02.dat:0x3f770,scena/mp2071_02.dat,that he's gone missing.,24
scena/mp2071_02.dat:0x3f788,scena/mp2071_02.dat,"I don't know any details, but I heard",38
scena/mp2071_02.dat:0x3f7bd,scena/mp2071_02.dat,But don't worry.,17
scena/mp2071_02.dat:0x3f7ce,scena/mp2071_02.dat,"Yeah, we don't know where he is...",35
scena/mp2071_02.dat:0x3f812,scena/mp2071_02.dat,like he ran away from home.,28
scena/mp2071_02.dat:0x3f82e,scena/mp2071_02.dat,It was his decision to leave. It's kind of,43
scena/mp2071_02.dat:0x3f8a4,scena/mp2071_02.dat,I know I only spent a week with the guy.,41
scena/mp2071_02.dat:0x3f8e9,scena/mp2071_02.dat,talked about all kinds of things.,34
scena/mp2071_02.dat:0x3f90b,scena/mp2071_02.dat,"But we got along really well, and",34
scena/mp2071_02.dat:0x3f93c,scena/mp2071_02.dat,"after he came to live with you, Estelle.",41
scena/mp2071_02.dat:0x3f965,scena/mp2071_02.dat,He told me all about what his life was like,44
scena/mp2071_02.dat:0x3f9a0,scena/mp2071_02.dat,"O-Oh, really?",14
scena/mp2071_02.dat:0x3f9ca,scena/mp2071_02.dat,I was such a brainless kid...,30
scena/mp2071_02.dat:0x3f9e8,scena/mp2071_02.dat,That's kind of embarrassing.,29
scena/mp2071_02.dat:0x3fa15,scena/mp2071_02.dat,...Not that that's changed.,28
scena/mp2071_02.dat:0x3fa54,scena/mp2071_02.dat,lots of really sweet stories.,30
scena/mp2071_02.dat:0x3fa72,scena/mp2071_02.dat,Haha. It's fine. He told me,28
scena/mp2071_02.dat:0x3fa9e,scena/mp2071_02.dat,his life before he moved in with you.,38
scena/mp2071_02.dat:0x3fac4,scena/mp2071_02.dat,But... He wouldn't say anything about,38
scena/mp2071_02.dat:0x3fb21,scena/mp2071_02.dat,before moving to Rolent.,25
scena/mp2071_02.dat:0x3fb3a,scena/mp2071_02.dat,"One time, I asked about his life",33
scena/mp2071_02.dat:0x3fb6a,scena/mp2071_02.dat,I still remember it now.,25
scena/mp2071_02.dat:0x3fb83,scena/mp2071_02.dat,The look on his face...,24
scena/mp2071_02.dat:0x3fbab,scena/mp2071_02.dat,It was like a switch flipped inside him.,41
scena/mp2071_02.dat:0x3fbd4,scena/mp2071_02.dat,"For a moment, his eyes clouded over.",37
scena/mp2071_02.dat:0x3fc0d,scena/mp2071_02.dat,he was smiling again as if nothing happened.,45
scena/mp2071_02.dat:0x3fc3a,scena/mp2071_02.dat,"But you know what he's like. The next moment,",46
scena/mp2071_02.dat:0x3fcbb,scena/mp2071_02.dat,Obviously I don't know the details...,38
scena/mp2071_02.dat:0x3fcf1,scena/mp2071_02.dat,But I wonder if it has to do with why he left?,47
scena/mp2071_02.dat:0x3fd47,scena/mp2071_02.dat,I think you may be right.,26
scena/mp2071_02.dat:0x3fd70,scena/mp2071_02.dat,I knew it...,13
scena/mp2071_02.dat:0x3fd90,scena/mp2071_02.dat,before going to sleep?,23
scena/mp2071_02.dat:0x3fda7,scena/mp2071_02.dat,You know how roommates chat a bit,34
scena/mp2071_02.dat:0x3fdd8,scena/mp2071_02.dat,we had for lunch or how the play rehearsal went.,49
scena/mp2071_02.dat:0x3fe09,scena/mp2071_02.dat,Not about anything deep. Just things like what,47
scena/mp2071_02.dat:0x3fe48,scena/mp2071_02.dat,at times like that.,20
scena/mp2071_02.dat:0x3fe5c,scena/mp2071_02.dat,"Well, he always seemed kinda...dazed",37
scena/mp2071_02.dat:0x3fe90,scena/mp2071_02.dat,that was just out of his reach...,34
scena/mp2071_02.dat:0x3feb2,scena/mp2071_02.dat,It was like he was looking at a treasure,41
scena/mp2071_02.dat:0x3feef,scena/mp2071_02.dat,would never really be his.,27
scena/mp2071_02.dat:0x3ff0a,scena/mp2071_02.dat,Like he'd already accepted this kind of life,45
scena/mp2071_02.dat:0x3ff50,scena/mp2071_02.dat,That's the kind of expression he had.,38
scena/mp2071_02.dat:0x3ff96,scena/mp2071_02.dat,"Joshua, you idiot...",21
scena/mp2071_02.dat:0x3ffd2,scena/mp2071_02.dat,That's so not true...,22
scena/mp2071_02.dat:0x3ffe8,scena/mp2071_02.dat,A life that would never be his...?,35
scena/mp2071_02.dat:0x4004d,scena/mp2071_02.dat,"Sorry, Estelle...",18
scena/mp2071_02.dat:0x4006f,scena/mp2071_02.dat,overstepping here.,19
scena/mp2071_02.dat:0x40082,scena/mp2071_02.dat,"I didn't know Joshua well, and I'm probably",44
scena/mp2071_02.dat:0x400be,scena/mp2071_02.dat,But can I ask you a favor?,27
scena/mp2071_02.dat:0x40112,scena/mp2071_02.dat,never makes that face again?,29
scena/mp2071_02.dat:0x4012f,scena/mp2071_02.dat,"When you see him, could you make sure he",41
scena/mp2071_02.dat:0x40167,scena/mp2071_02.dat,something out of reach for someone like him.,45
scena/mp2071_02.dat:0x40194,scena/mp2071_02.dat,It's dumb that he thinks a normal life is,42
scena/mp2071_02.dat:0x401df,scena/mp2071_02.dat,rest of us.,12
scena/mp2071_02.dat:0x401eb,scena/mp2071_02.dat,"fall in love, and do stupid things just like the",49
scena/mp2071_02.dat:0x4021c,scena/mp2071_02.dat,"He should be able to laugh 'til his sides hurt,",48
scena/mp2071_02.dat:0x4025b,scena/mp2071_02.dat,Am I right?!,13
scena/mp2071_02.dat:0x40292,scena/mp2071_02.dat,Of course you're right.,24
scena/mp2071_02.dat:0x402c3,scena/mp2071_02.dat,even if I have to slap him!,28
scena/mp2071_02.dat:0x402df,scena/mp2071_02.dat,And I'll wake him up to it,27
scena/mp2071_02.dat:0x40318,scena/mp2071_02.dat,"Hehe, oh Estelle...",20
scena/mp2071_02.dat:0x40359,scena/mp2071_02.dat,"way to get through to him, actually.",37
scena/mp2071_02.dat:0x4037e,scena/mp2071_02.dat,"Although, that might be the only",33
scena/mp2071_02.dat:0x403ae,scena/mp2071_02.dat,"Yeah, you could be right.",26
scena/mp2071_02.dat:0x403ef,scena/mp2071_02.dat,Aaah... I feel much better after talking to you.,49
scena/mp2071_02.dat:0x40442,scena/mp2071_02.dat,"Sorry for taking up your time, though.",39
scena/mp2071_02.dat:0x4047d,scena/mp2071_02.dat,You two carry on with the investigation.,41
scena/mp2071_02.dat:0x404b5,scena/mp2071_02.dat,"No worries, Hans.",18
scena/mp2071_02.dat:0x404de,scena/mp2071_02.dat,Good luck with the research!,29
scena/mp2071_02.dat:0x405c1,scena/mp2071_02.dat,"Ah, you're back!",17
scena/mp2071_02.dat:0x405e1,scena/mp2071_02.dat,"Okay, let's hear everyone's reports.",37
scena/mp2071_02.dat:0x4063d,scena/mp2071_02.dat,"Well, we spoke to each of the staff members.",45
scena/mp2071_02.dat:0x4067a,scena/mp2071_02.dat,suspicious figure within the academy grounds.,46
scena/mp2071_02.dat:0x406a8,scena/mp2071_02.dat,"Apparently, the janitor spotted some",37
scena/mp2071_02.dat:0x406dc,scena/mp2071_02.dat,gate leading to the old schoolhouse.,37
scena/mp2071_02.dat:0x40701,scena/mp2071_02.dat,It disappeared suddenly by the back,36
scena/mp2071_02.dat:0x40734,scena/mp2071_02.dat,"So, we spoke to all of the staff...",36
scena/mp2071_02.dat:0x40768,scena/mp2071_02.dat,figure within the academy grounds.,35
scena/mp2071_02.dat:0x4078b,scena/mp2071_02.dat,The janitor told us he spotted a suspicious,44
scena/mp2071_02.dat:0x407c6,scena/mp2071_02.dat,gate leading to the old schoolhouse.,37
scena/mp2071_02.dat:0x407eb,scena/mp2071_02.dat,It disappeared suddenly by the back,36
scena/mp2071_02.dat:0x4081e,scena/mp2071_02.dat,to notice anything unusual.,28
scena/mp2071_02.dat:0x4083a,scena/mp2071_02.dat,The teachers were too busy with the exams,42
scena/mp2071_02.dat:0x40886,scena/mp2071_02.dat,Fauna had anything to add.,27
scena/mp2071_02.dat:0x408a1,scena/mp2071_02.dat,Neither the dinner lady nor the receptionist,45
scena/mp2071_02.dat:0x408eb,scena/mp2071_02.dat,I see...,9
scena/mp2071_02.dat:0x4090b,scena/mp2071_02.dat,had interesting things to say.,31
scena/mp2071_02.dat:0x4092a,scena/mp2071_02.dat,Three of the students we spoke to,34
scena/mp2071_02.dat:0x40993,scena/mp2071_02.dat,"from Patrick, Mick, and Felicity.",34
scena/mp2071_02.dat:0x409b5,scena/mp2071_02.dat,<C1>They passed on what they learned,37
scena/mp2071_02.dat:0x409da,scena/mp2071_02.dat,schoolhouse at the back of the academy.,40
scena/mp2071_02.dat:0x40a02,scena/mp2071_02.dat,All of the evidence is pointing to the old,43
scena/mp2071_02.dat:0x40a49,scena/mp2071_02.dat,It can't just be a coincidence.,32
scena/mp2071_02.dat:0x40a81,scena/mp2071_02.dat,"Okay, time for my report~",26
scena/mp2071_02.dat:0x40ab6,scena/mp2071_02.dat,"staff, and fifty of scenery around the academy!",48
scena/mp2071_02.dat:0x40ae6,scena/mp2071_02.dat,My final tally is thirty photos of students and,48
scena/mp2071_02.dat:0x40b30,scena/mp2071_02.dat,all turned out so nice~,24
scena/mp2071_02.dat:0x40b48,scena/mp2071_02.dat,I'm pleased to report they,27
scena/mp2071_02.dat:0x40b9c,scena/mp2071_02.dat,"Regrettably, I too returned largely empty-handed.",50
scena/mp2071_02.dat:0x40bec,scena/mp2071_02.dat,cute little kittens gathered around to listen.,47
scena/mp2071_02.dat:0x40c1b,scena/mp2071_02.dat,"Although, when I played my lute, lots of",41
scena/mp2071_02.dat:0x40c6e,scena/mp2071_02.dat,So you both did squat for the investigation?!,46
scena/mp2071_02.dat:0x40cab,scena/mp2071_02.dat,Not that I had high hopes...,29
scena/mp2071_02.dat:0x40d00,scena/mp2071_02.dat,"So, now for me.",16
scena/mp2071_02.dat:0x40d1f,scena/mp2071_02.dat,there'd been any sightings like this in the past.,50
scena/mp2071_02.dat:0x40d51,scena/mp2071_02.dat,I looked through the old documents to see if,45
scena/mp2071_02.dat:0x40d99,scena/mp2071_02.dat,eerie rumors about it.,23
scena/mp2071_02.dat:0x40db0,scena/mp2071_02.dat,"so unsurprisingly, there haven't been many",43
scena/mp2071_02.dat:0x40ddb,scena/mp2071_02.dat,"The building currently in use is quite new,",44
scena/mp2071_02.dat:0x40e1a,scena/mp2071_02.dat,around the old schoolhouse.,28
scena/mp2071_02.dat:0x40e36,scena/mp2071_02.dat,Most of the ones I found were centered,39
scena/mp2071_02.dat:0x40eb1,scena/mp2071_02.dat,It's looking pretty clear that place is sketchy.,49
scena/mp2071_02.dat:0x40efe,scena/mp2071_02.dat,So what's the story?,21
scena/mp2071_02.dat:0x40f22,scena/mp2071_02.dat,the old schoolhouse.,21
scena/mp2071_02.dat:0x40f37,scena/mp2071_02.dat,All the leads are pointing to,30
scena/mp2071_02.dat:0x40f73,scena/mp2071_02.dat,"Well, what can you tell us about it?",37
scena/mp2071_02.dat:0x40fa7,scena/mp2071_02.dat,pass through the back gate to get to it.,41
scena/mp2071_02.dat:0x40fd0,scena/mp2071_02.dat,It's hundreds of years old. You have to,40
scena/mp2071_02.dat:0x41018,scena/mp2071_02.dat,new building was constructed.,30
scena/mp2071_02.dat:0x41036,scena/mp2071_02.dat,"It was in use until twenty years ago, when this",48
scena/mp2071_02.dat:0x41083,scena/mp2071_02.dat,one time during the festival?,30
scena/mp2071_02.dat:0x410a1,scena/mp2071_02.dat,Wait a minute! Didn't we go in there,37
scena/mp2071_02.dat:0x410de,scena/mp2071_02.dat,Monsters had been getting in.,30
scena/mp2071_02.dat:0x410fc,scena/mp2071_02.dat,locked since due to safety issues.,35
scena/mp2071_02.dat:0x4111f,scena/mp2071_02.dat,"Yes, but the back gate has been kept",37
scena/mp2071_02.dat:0x4116a,scena/mp2071_02.dat,for two or three months now.,29
scena/mp2071_02.dat:0x41187,scena/mp2071_02.dat,The old building has been abandoned,36
scena/mp2071_02.dat:0x411c0,scena/mp2071_02.dat,Hmph. A stone building from days of yore...,44
scena/mp2071_02.dat:0x411fc,scena/mp2071_02.dat,ghost to take up residence!,28
scena/mp2071_02.dat:0x41218,scena/mp2071_02.dat,What an ideal location for a,29
scena/mp2071_02.dat:0x41260,scena/mp2071_02.dat,not like we have anything else to go on.,41
scena/mp2071_02.dat:0x41289,scena/mp2071_02.dat,"Well, I'm not loving the idea, but it's",40
scena/mp2071_02.dat:0x412d1,scena/mp2071_02.dat,check out the old schoolhouse tomorrow morning?,48
scena/mp2071_02.dat:0x41301,scena/mp2071_02.dat,"...It's getting kinda late now, though. How about we",53
scena/mp2071_02.dat:0x4134b,scena/mp2071_02.dat,"Why wait, Estelle? We could go right now.",42
scena/mp2071_02.dat:0x41388,scena/mp2071_02.dat,dangerous with monsters around...,34
scena/mp2071_02.dat:0x413aa,scena/mp2071_02.dat,"B-But it's evening already, and it might be",44
scena/mp2071_02.dat:0x413e6,scena/mp2071_02.dat,haunted building during the day...,35
scena/mp2071_02.dat:0x41409,scena/mp2071_02.dat,It'll be creepy enough to visit a potentially,46
scena/mp2071_02.dat:0x41468,scena/mp2071_02.dat,"Heh, I say we should investigate at night!",43
scena/mp2071_02.dat:0x414d7,scena/mp2071_02.dat,a true test of courage.,24
scena/mp2071_02.dat:0x414ef,scena/mp2071_02.dat,"The dead of night, to be precise, to make it",45
scena/mp2071_02.dat:0x41537,scena/mp2071_02.dat,"to come out, after all.",24
scena/mp2071_02.dat:0x4154f,scena/mp2071_02.dat,That's when ghosts are most likely,35
scena/mp2071_02.dat:0x41582,scena/mp2071_02.dat,I agree!,9
scena/mp2071_02.dat:0x415b2,scena/mp2071_02.dat,"houses, as every reporter knows!",33
scena/mp2071_02.dat:0x415d3,scena/mp2071_02.dat,Nighttime's the best for investigating haunted,47
scena/mp2071_02.dat:0x41655,scena/mp2071_02.dat,What was that?!,16
scena/mp2071_02.dat:0x41681,scena/mp2071_02.dat,"What's the matter, Estelle?",28
scena/mp2071_02.dat:0x416ad,scena/mp2071_02.dat,outside the window.,20
scena/mp2071_02.dat:0x416c1,scena/mp2071_02.dat,It's just... I thought I saw something,39
scena/mp2071_02.dat:0x41703,scena/mp2071_02.dat,A white-ish shadow. It must've been Sieg.,42
scena/mp2071_02.dat:0x417ba,scena/mp2071_02.dat,Wait... A white shadow?,24
scena/mp2071_02.dat:0x41890,scena/mp2071_02.dat,What is it?,12
scena/mp2071_02.dat:0x418ab,scena/mp2071_02.dat,Ah...! Hahahaha...,19
scena/mp2071_02.dat:0x419f1,scena/mp2071_02.dat,gate from one of the teachers.,31
scena/mp2071_02.dat:0x41a10,scena/mp2071_02.dat,"Here, I borrowed the key to the back",37
scena/mp2071_02.dat:0x41a46,scena/mp2071_02.dat,Received ,10
scena/mp2071_02.dat:0x41a61,scena/mp2071_02.dat,"Thanks, Hans!",14
scena/mp2071_02.dat:0x41a7e,scena/mp2071_02.dat,You sure you're up to this?,28
scena/mp2071_02.dat:0x41a9a,scena/mp2071_02.dat,"I like the fightin' spirit, but...",35
scena/mp2071_02.dat:0x41ad0,scena/mp2071_02.dat,'Course I am!,14
scena/mp2071_02.dat:0x41b07,scena/mp2071_02.dat,and tell that ghost to go to Gehenna!,38
scena/mp2071_02.dat:0x41b2d,scena/mp2071_02.dat,Let's head for the old schoolhouse,35
scena/mp2071_02.dat:0x41b6b,scena/mp2071_02.dat,Uh... If you say so...,23
scena/mp2071_02.dat:0x41b9a,scena/mp2071_02.dat,and tell that ghost to go to Gehenna!,38
scena/mp2071_02.dat:0x41bc0,scena/mp2071_02.dat,Let's head for the old schoolhouse,35
scena/mp2071_02.dat:0x41bf2,scena/mp2071_02.dat,...If you'll pardon the pun.,29
scena/mp2071_02.dat:0x41c0f,scena/mp2071_02.dat,"Haha, that's the spirit, Estelle!",34
scena/mp2071_02.dat:0x41c5a,scena/mp2071_02.dat,Well then... Let us test our courage!,38
scena/mp2071_02.dat:0x41ca4,scena/mp2071_02.dat,should take capable fighters with you.,39
scena/mp2071_02.dat:0x41ccb,scena/mp2071_02.dat,"There will likely be monsters on the prowl, so you",51
scena/mp2071_02.dat:0x41d0d,scena/mp2071_02.dat,That's right.,14
scena/mp2071_02.dat:0x41d2a,scena/mp2071_02.dat,the students will have to stay behind.,39
scena/mp2071_02.dat:0x41d51,scena/mp2071_02.dat,"The photographer can tag along, but",36
scena/mp2071_02.dat:0x41d9f,scena/mp2071_02.dat,"Dorothy can come, but not the students.",40
scena/mp2071_02.dat:0x41def,scena/mp2071_02.dat,Of course. We wouldn't want to hold you back.,46
scena/mp2071_02.dat:0x41e49,scena/mp2071_02.dat,We'll wait here in case you need us.,37
scena/mp2071_02.dat:0x41e8e,scena/mp2071_02.dat,"Um, Agate...",13
scena/mp2071_02.dat:0x41eb6,scena/mp2071_02.dat,Do you suppose I could join you?,33
scena/mp2071_02.dat:0x41f00,scena/mp2071_02.dat,"Come on, Princess.",19
scena/mp2071_02.dat:0x41f2e,scena/mp2071_02.dat,"risky stuff like that, can we?",31
scena/mp2071_02.dat:0x41f4d,scena/mp2071_02.dat,We can't have you doin',24
scena/mp2071_02.dat:0x41f74,scena/mp2071_02.dat,"Um, Scherazard...",18
scena/mp2071_02.dat:0x41fa1,scena/mp2071_02.dat,Do you suppose I could join you?,33
scena/mp2071_02.dat:0x41feb,scena/mp2071_02.dat,"Oh? You'd like to come, too?",29
scena/mp2071_02.dat:0x42025,scena/mp2071_02.dat,you to put yourself in danger like that.,41
scena/mp2071_02.dat:0x4204e,scena/mp2071_02.dat,Hmm... I don't think it'd be a good idea for,45
scena/mp2071_02.dat:0x4208b,scena/mp2071_02.dat,This case is personal to me.,29
scena/mp2071_02.dat:0x420a8,scena/mp2071_02.dat,Children at the orphanage saw this ghost too.,46
scena/mp2071_02.dat:0x420f5,scena/mp2071_02.dat,"times, so I could help you get around.",39
scena/mp2071_02.dat:0x4211c,scena/mp2071_02.dat,"Plus, I've been in the old schoolhouse a few",45
scena/mp2071_02.dat:0x42158,scena/mp2071_02.dat,Tch... Fine then.,18
scena/mp2071_02.dat:0x42189,scena/mp2071_02.dat,so I guess you can come along.,31
scena/mp2071_02.dat:0x421a8,scena/mp2071_02.dat,"You can look after yourself,",29
scena/mp2071_02.dat:0x421ed,scena/mp2071_02.dat,Just don't do anything reckless.,33
scena/mp2071_02.dat:0x4221d,scena/mp2071_02.dat,"Hmm, fair enough.",18
scena/mp2071_02.dat:0x42246,scena/mp2071_02.dat,I do know you're a capable fighter.,36
scena/mp2071_02.dat:0x42298,scena/mp2071_02.dat,"Okay, you're on, but please be sensible.",41
scena/mp2071_02.dat:0x422d0,scena/mp2071_02.dat,I promise to be cautious.,26
scena/mp2071_02.dat:0x42301,scena/mp2071_02.dat,Alright! That's sorted!,24
scena/mp2071_02.dat:0x42329,scena/mp2071_02.dat,and catch that ghost already!,30
scena/mp2071_02.dat:0x42347,scena/mp2071_02.dat,"Now, let's go search the old schoolhouse",41
scena/mp2071_02.dat:0x423b3,scena/mp2071_02.dat,Received ,10
scena/mp2071_02.dat:0x42427,scena/mp2071_02.dat,"Ah, there you are!",19
scena/mp2071_02.dat:0x42461,scena/mp2071_02.dat,"Welcome back, you two.",23
scena/mp2071_02.dat:0x4248b,scena/mp2071_02.dat,Ehehe. Sorry to keep you waiting.,34
scena/mp2071_02.dat:0x424bd,scena/mp2071_02.dat,"I'm sure you all are tired, too.",33
scena/mp2071_02.dat:0x424f9,scena/mp2071_02.dat,All we had to do was wait.,27
scena/mp2071_02.dat:0x42514,scena/mp2071_02.dat,What are you talking about?,28
scena/mp2071_02.dat:0x42547,scena/mp2071_02.dat,fit to serve on the student council.,37
scena/mp2071_02.dat:0x4256c,scena/mp2071_02.dat,"If we can't handle that, we're not",35
scena/mp2071_02.dat:0x425b6,scena/mp2071_02.dat,"Well, the true challenge lies ahead.",37
scena/mp2071_02.dat:0x425eb,scena/mp2071_02.dat,"...Yeah, you're right.",23
scena/mp2071_02.dat:0x42616,scena/mp2071_02.dat,semester under these conditions.,33
scena/mp2071_02.dat:0x42637,scena/mp2071_02.dat,You guys have to begin your new,32
scena/mp2071_02.dat:0x42667,scena/mp2071_02.dat,"Oh, now that you mention it, that's true.",42
scena/mp2071_02.dat:0x426ac,scena/mp2071_02.dat,...Are things going okay at school?,36
scena/mp2071_02.dat:0x426e7,scena/mp2071_02.dat,They are...for now.,20
scena/mp2071_02.dat:0x4271a,scena/mp2071_02.dat,"ways to address the situation, too.",36
scena/mp2071_02.dat:0x4273e,scena/mp2071_02.dat,We student council members are thinking of,43
scena/mp2071_02.dat:0x42786,scena/mp2071_02.dat,"It's our school, after all.",28
scena/mp2071_02.dat:0x427b1,scena/mp2071_02.dat,We want to do as much as we can on our own.,44
scena/mp2071_02.dat:0x427ff,scena/mp2071_02.dat,capital too.,13
scena/mp2071_02.dat:0x4280c,scena/mp2071_02.dat,afford to be outdone. That goes for Kloe in the,48
scena/mp2071_02.dat:0x4283c,scena/mp2071_02.dat,"As long as you guys are working hard, we can't",47
scena/mp2071_02.dat:0x4288e,scena/mp2071_02.dat,I see...,9
scena/mp2071_02.dat:0x428b8,scena/mp2071_02.dat,come visit our school.,23
scena/mp2071_02.dat:0x428cf,scena/mp2071_02.dat,"When you finish your mission,",30
scena/mp2071_02.dat:0x4290e,scena/mp2071_02.dat,and have a party at our cafeteria.,35
scena/mp2071_02.dat:0x42931,scena/mp2071_02.dat,"When you do, we'll invite Kloe too",35
scena/mp2071_02.dat:0x4296b,scena/mp2071_02.dat,with some stuff from the theater club.,39
scena/mp2071_02.dat:0x42992,scena/mp2071_02.dat,We could even make it a costume party,38
scena/mp2071_02.dat:0x429d8,scena/mp2071_02.dat,and fair princess in attendance.,33
scena/mp2071_02.dat:0x429f9,scena/mp2071_02.dat,"After all, we'd already have our two heroic knights",52
scena/mp2071_02.dat:0x42a4b,scena/mp2071_02.dat,Oh! That could be nice!,24
scena/mp2071_02.dat:0x42a80,scena/mp2071_02.dat,Are you out of your mind?,26
scena/mp2071_02.dat:0x42abe,scena/mp2071_02.dat,"Plus, I...",11
scena/mp2071_02.dat:0x42b29,scena/mp2071_02.dat,"Hans, it's just...",19
scena/mp2071_02.dat:0x42b68,scena/mp2071_02.dat,Hm? What's wrong?,18
scena/mp2071_02.dat:0x42b92,scena/mp2071_02.dat,the days we lived together. Is that it?!,41
scena/mp2071_02.dat:0x42bbb,scena/mp2071_02.dat,"Oh, I get it! You can't forget about",37
scena/mp2071_02.dat:0x42c01,scena/mp2071_02.dat,to accept your confession.,27
scena/mp2071_02.dat:0x42c1c,scena/mp2071_02.dat,"Fine, fine. I'm brave enough",29
scena/mp2071_02.dat:0x42c66,scena/mp2071_02.dat,What are you talking about?,28
scena/mp2071_02.dat:0x42c92,scena/mp2071_02.dat,"...I'm being serious here, you know.",37
scena/mp2071_02.dat:0x42cc6,scena/mp2071_02.dat,"the past, I'm happy to listen.",31
scena/mp2071_02.dat:0x42ce5,scena/mp2071_02.dat,If you ever wanna talk about,29
scena/mp2071_02.dat:0x42d16,scena/mp2071_02.dat,But I doubt anything you say will change my mind.,50
scena/mp2071_02.dat:0x42d72,scena/mp2071_02.dat,I mean that you and I are friends.,35
scena/mp2071_02.dat:0x42da5,scena/mp2071_02.dat,"...You came back, and now you're right here.",45
scena/mp2071_02.dat:0x42df0,scena/mp2071_02.dat,Isn't that what's important?,29
scena/mp2071_02.dat:0x42e55,scena/mp2071_02.dat,Yeah... You're absolutely right.,33
scena/mp2071_02.dat:0x42e9b,scena/mp2071_02.dat,(Geez... Men are so awkward with their feelings.),50
scena/mp2071_02.dat:0x42ef1,scena/mp2071_02.dat,(Ehehe... It's kinda sweet though.),36
scena/mp2071_02.dat:0x431b2,scena/mp2071_02.dat,Enhanced Jaeger,16
scena/mp2071_02.dat:0x431df,scena/mp2071_02.dat,Enhanced Jaeger,16
scena/mp2071_02.dat:0x43230,scena/mp2071_02.dat,Here to save the day!,22
scena/mp2071_02.dat:0x43259,scena/mp2071_02.dat,So put 'em up!,15
scena/mp2071_02.dat:0x43382,scena/mp2071_02.dat,"Wait, are you two...?!",23
scena/mp2071_02.dat:0x433bd,scena/mp2071_02.dat,Estelle and Joshua?!,21
scena/mp2071_02.dat:0x433f2,scena/mp2071_02.dat,Hehe! Long time no see!,24
scena/mp2071_02.dat:0x4341e,scena/mp2071_02.dat,It's good to see you again.,28
scena/mp2071_02.dat:0x43482,scena/mp2071_02.dat,and their plan to rescue everyone.,35
scena/mp2071_02.dat:0x434a5,scena/mp2071_02.dat,"<C1>They explained the impromptu mission,",42
scena/mp2071_02.dat:0x434dc,scena/mp2071_02.dat,"Hm, I see...",13
scena/mp2071_02.dat:0x434f8,scena/mp2071_02.dat,Thank you. We certainly appreciate the timely assistance.,58
scena/mp2071_02.dat:0x4354e,scena/mp2071_02.dat,"They're our students, after all.",33
scena/mp2071_02.dat:0x4356f,scena/mp2071_02.dat,Is there anything we can do to help?,37
scena/mp2071_02.dat:0x435a3,scena/mp2071_02.dat,is a professional mercenary unit.,34
scena/mp2071_02.dat:0x435c5,scena/mp2071_02.dat,"I understand how you feel, but the enemy",41
scena/mp2071_02.dat:0x435fe,scena/mp2071_02.dat,staying here until you get the all-clear.,42
scena/mp2071_02.dat:0x43628,scena/mp2071_02.dat,You'd be doing us a huge favor just by,39
scena/mp2071_02.dat:0x4366d,scena/mp2071_02.dat,"Ah, right. Fair enough.",24
scena/mp2071_02.dat:0x436a3,scena/mp2071_02.dat,Please make sure the students stay safe.,41
scena/mp2071_02.dat:0x436db,scena/mp2071_02.dat,Yup! We won't rest until EVERYONE is safe!,43
scena/mp2071_02.dat:0x43719,scena/mp2071_02.dat,of Mr. Ratio and Mr. Elford.,29
scena/mp2071_02.dat:0x43736,scena/mp2071_02.dat,put checkmarks beside the names,32
scena/mp2071_02.dat:0x43756,scena/mp2071_02.dat,<C1>They took out their Bracer Notebook and,44
scena/mp2071_02.dat:0x4381d,scena/mp2071_02.dat,Oh? Am I seeing things...?!,28
scena/mp2071_02.dat:0x4384c,scena/mp2071_02.dat,name are you doing here?!,26
scena/mp2071_02.dat:0x43866,scena/mp2071_02.dat,Estelle? Joshua?! What in Aidios',34
scena/mp2071_02.dat:0x438ac,scena/mp2071_02.dat,"Ahaha... Um, surprise?",23
scena/mp2071_02.dat:0x438d2,scena/mp2071_02.dat,"So, you see...",15
scena/mp2071_02.dat:0x4391c,scena/mp2071_02.dat,and their plan to rescue everyone.,35
scena/mp2071_02.dat:0x4393f,scena/mp2071_02.dat,"<C1>They explained the impromptu mission,",42
scena/mp2071_02.dat:0x439d4,scena/mp2071_02.dat,"I see, so you're the ones who...",33
scena/mp2071_02.dat:0x43a05,scena/mp2071_02.dat,Thank you for coming to save us.,33
scena/mp2071_02.dat:0x43a35,scena/mp2071_02.dat,How is the rest of campus faring?,34
scena/mp2071_02.dat:0x43a72,scena/mp2071_02.dat,Is the fighting still ongoing?,31
scena/mp2071_02.dat:0x43aa0,scena/mp2071_02.dat,so the situation is dangerous and remains unpredictable.,57
scena/mp2071_02.dat:0x43ad9,scena/mp2071_02.dat,"Yes, the fighting near the main gate is still ongoing,",55
scena/mp2071_02.dat:0x43b2b,scena/mp2071_02.dat,until we've confirmed it's safe.,33
scena/mp2071_02.dat:0x43b4c,scena/mp2071_02.dat,I'd like to ask you all to remain here,39
scena/mp2071_02.dat:0x43b9e,scena/mp2071_02.dat,"Yes, that goes without saying.",31
scena/mp2071_02.dat:0x43bcd,scena/mp2071_02.dat,Thank you... Please rescue all the students.,45
scena/mp2071_02.dat:0x43c09,scena/mp2071_02.dat,"Ah, but before you go... Here, take these.",43
scena/mp2071_02.dat:0x43c62,scena/mp2071_02.dat, x4.,5
scena/mp2071_02.dat:0x43c67,scena/mp2071_02.dat,Received ,10
scena/mp2071_02.dat:0x43c71,scena/mp2071_02.dat,Ms. Deborah...,15
scena/mp2071_02.dat:0x43c93,scena/mp2071_02.dat,Ooh! Are you sure we can have these?,37
scena/mp2071_02.dat:0x43cda,scena/mp2071_02.dat,Of course. It's the least we can do to thank you.,50
scena/mp2071_02.dat:0x43d1b,scena/mp2071_02.dat,"to take care of yourselves too, okay?",38
scena/mp2071_02.dat:0x43d41,scena/mp2071_02.dat,"Helping others is great, but don't forget",42
scena/mp2071_02.dat:0x43d7a,scena/mp2071_02.dat,Thank you very much.,21
scena/mp2071_02.dat:0x43da2,scena/mp2071_02.dat,"of Deborah, Ms. Wiola, and Ms. Millia.",39
scena/mp2071_02.dat:0x43dc9,scena/mp2071_02.dat,put checkmarks beside the names,32
scena/mp2071_02.dat:0x43de9,scena/mp2071_02.dat,<C1>They took out their Bracer Notebook and,44
scena/mp2071_02.dat:0x43e15,scena/mp2071_02.dat, x4.,5
scena/mp2071_02.dat:0x43e1a,scena/mp2071_02.dat,Received ,10
